main Genre,Row
Fiction,1
Fantasy,2
Young Adult,3
Romance,4
Nonfiction,5
Historical Fiction,6
Mystery,7
Science Fiction,8
Classics,9
History,10
Horror,11
Childrens,12
Poetry,13
Philosophy,14
Manga,15
Paranormal,16
Comics,17
Thriller,18
Christian Fiction,19
Picture Books,20
Graphic Novels,21
Vampires,22
Urban Fantasy,23
Biography,24
Christian,25
Short Stories,26
Historical Romance,27
Chick Lit,28
Science,29
Paranormal Romance,30
Plays,31
Humor,32
Psychology,33
Memoir,34
M M Romance,35
Business,36
Spirituality,37
Religion,38
Self Help,39
Middle Grade,40
Theology,41
Music,42
New Adult,43
Travel,44
Novels,45
Art,46
True Crime,47
Sports,48
Star Wars,49
Horses,50
Erotica,51
Politics,52
Zombies,53
Realistic Fiction,54
Contemporary,55
Romantic Suspense,56
Christmas,57
BDSM,58
Adventure,59
Crime,60
Dystopia,61
Dark,62
Mythology,63
Steampunk,64
Islam,65
Urban,66
Animals,67
Angels,68
Economics,69
Cookbooks,70
Westerns,71
Parenting,72
Amish,73
Doctor Who,74
Education,75
Writing,76
Feminism,77
Health,78
Reference,79
Time Travel,80
Buddhism,81
Finance,82
Film,83
